ALPHA,Mean_BOP_similarity
-1.0,0.8674186
-2.0,0.8672101
-2.671,0.8668166
-3.0,0.8665495
-4.0,0.8654389
